"Intercept","Intercept_IClwr","Intercept_ICupr","Intercept_pval","masks.avg","masks.avg_IClwr","masks.avg_ICupr","masks.avg_std","masks.avg_std_IClwr","masks.avg_std_ICupr","masks.avg_pval","people_fully_vaccinated_per_hundred","people_fully_vaccinated_per_hundred_IClwr","people_fully_vaccinated_per_hundred_ICupr","people_fully_vaccinated_per_hundred_std","people_fully_vaccinated_per_hundred_std_IClwr","people_fully_vaccinated_per_hundred_std_ICupr","people_fully_vaccinated_per_hundred_pval","human_development_index","human_development_index_IClwr","human_development_index_ICupr","human_development_index_std","human_development_index_std_IClwr","human_development_index_std_ICupr","human_development_index_pval","cardlife","cardlife_IClwr","cardlife_ICupr","cardlife_std","cardlife_std_IClwr","cardlife_std_ICupr","cardlife_pval","Stringency","Stringency_IClwr","Stringency_ICupr","Stringency_std","Stringency_std_IClwr","Stringency_std_ICupr","Stringency_pval","total_tests_per_thousand","total_tests_per_thousand_IClwr","total_tests_per_thousand_ICupr","total_tests_per_thousand_std","total_tests_per_thousand_std_IClwr","total_tests_per_thousand_std_ICupr","total_tests_per_thousand_pval","aged_65_older","aged_65_older_IClwr","aged_65_older_ICupr","aged_65_older_std","aged_65_older_std_IClwr","aged_65_older_std_ICupr","aged_65_older_pval","urban_density","urban_density_IClwr","urban_density_ICupr","urban_density_std","urban_density_std_IClwr","urban_density_std_ICupr","urban_density_pval","diabetes_prevalence","diabetes_prevalence_IClwr","diabetes_prevalence_ICupr","diabetes_prevalence_std","diabetes_prevalence_std_IClwr","diabetes_prevalence_std_ICupr","diabetes_prevalence_pval","Obesity.rate","Obesity.rate_IClwr","Obesity.rate_ICupr","Obesity.rate_std","Obesity.rate_std_IClwr","Obesity.rate_std_ICupr","Obesity.rate_pval","Gini","Gini_IClwr","Gini_ICupr","Gini_std","Gini_std_IClwr","Gini_std_ICupr","Gini_pval","adj_R2","pred_R2"
36.7243881685853,-13.0506529286201,86.4994292657908,0.139021073064079,13.3882353468888,6.01430359793412,20.7621670958435,0.515669037229563,0.233660840696375,0.797677233762752,0.00120941383654082,-0.247210954562115,-0.388408433170472,-0.106013475953758,-0.482936706717555,-0.749775935385209,-0.216097478049902,0.0016477919816094,-21.3729332067921,-75.8114001334533,33.0655337198692,-0.147891652103393,-0.483313209911829,0.187529905705044,0.421419439435529,0.717392078964246,-0.447980548893677,1.88276470682217,0.203726550652917,-0.0935994130565528,0.501052514362387,0.213060514813559,,,,,,,,,,,,,,,,,,,,,,,,,,,,,,,,,,,,,,,,,,,,,,,,,,0.767756592585197,0.745367915713502
27.2328850364447,-22.7639561023429,77.2297261752324,0.267466096161868,10.8776126347546,2.94149163533779,18.8137336341714,0.418968436794288,0.132737189869684,0.705199683718891,0.00997458793132693,-0.244548815890826,-0.381542070608207,-0.107555561173446,-0.477736109984232,-0.735403001138244,-0.220069218830219,0.00146467359206553,-18.3946180602043,-71.3508923081842,34.5616561877755,-0.127282971804264,-0.445036391795604,0.190470448187077,0.474924239452137,1.10937109467253,-0.142013777126218,2.36075596647128,0.3150415973898,-0.000570984682482567,0.630654179462082,0.0789378489787294,0.14439008326665,-0.0534475476768227,0.342227714210122,0.202234704359217,-0.0476713841863459,0.452140792904779,0.14258059777223,,,,,,,,,,,,,,,,,,,,,,,,,,,,,,,,,,,,,,,,,,,0.783175452476693,0.745291708707593
34.560478743011,-15.2406307075892,84.3615881936112,0.162074440202951,14.0244179542715,6.57481587657382,21.4740200319693,0.540172615494452,0.256608200020013,0.823737030968891,0.000928091589209159,-0.254428739473473,-0.395879967093069,-0.112977511853876,-0.497036944634039,-0.761819031354134,-0.232254857913943,0.0013744161151032,-19.3832724292848,-73.7970660969557,35.0305212383861,-0.134124041609136,-0.460546654150236,0.192298570931964,0.463892192740746,0.712326915868968,-0.449807419207973,1.87446125094591,0.202288134706947,-0.0867790993781495,0.491355368792043,0.214142281247357,,,,,,,,0.000175080427556557,-0.000153681868096842,0.000503842723209957,0.113411416857076,-0.0750840125884963,0.301906846302649,0.277920371916078,,,,,,,,,,,,,,,,,,,,,,,,,,,,,,,,,,,,0.770794039662747,0.710057404041125
27.4375545065222,-23.6146971776271,78.4898061906714,0.272573715916577,11.6648930032352,3.15966012674107,20.1701258797294,0.449291784055917,0.149187829874943,0.749395738236892,0.0100985110889464,-0.249352869275529,-0.390112365072579,-0.108593373478479,-0.487121024680318,-0.746359802166084,-0.227882247194552,0.00163880791351757,-17.6637685576552,-71.7864592044429,36.4589220891325,-0.122225802564779,-0.437840189311203,0.193388584181644,0.500383221622311,1.04363524219583,-0.252155232537231,2.3394257169289,0.296373788151313,-0.0205102436284667,0.613257819931092,0.107494940959149,0.121307353097896,-0.0944378381218257,0.337052544317618,0.169904720153441,-0.0912191127319648,0.431028553038847,0.251823588868473,0.000106207808429425,-0.000242495041503457,0.000454910658362308,0.0687979701864446,-0.122843926288116,0.260439866661005,0.529051368796166,,,,,,,,,,,,,,,,,,,,,,,,,,,,,,,,,,,,0.775865476110134,0.706676307580047
42.7518886279144,-13.9328175633002,99.4365948191291,0.130485369995286,13.2761994965743,5.71196305511631,20.8404359380322,0.511353799442805,0.229486675507211,0.7932209233784,0.00168534442279809,-0.224114216892077,-0.397153414982456,-0.0510750188016993,-0.437816285391385,-0.746003274704567,-0.129629296078203,0.0140107828107934,-25.3524722318461,-83.4498459496063,32.7449014859142,-0.175428377892539,-0.523975307925404,0.173118552140327,0.371369172483887,0.673143563749665,-0.533905612822102,1.88019274032143,0.191160761817898,-0.108280201198692,0.490601724834488,0.256618982006229,,,,,,,,,,,,,,,-0.203314784736109,-1.04034075328889,0.633711183816677,-0.0682134816039911,-0.312371291493358,0.175944328285376,0.616030478768395,,,,,,,,,,,,,,,,,,,,,,,,,,,,,0.758350359423767,0.703211438665872
34.7181108023043,-21.0360584149128,90.4722800195214,0.206373913715627,10.6049493833499,2.47685534563471,18.7330434210651,0.408466380870061,0.123727181292081,0.693205580448042,0.0135898580678045,-0.213926517781636,-0.38148870396783,-0.0463643315954417,-0.417914198664926,-0.711149097625296,-0.124679299704556,0.0153790805449933,-23.5000010299315,-79.6268456763198,32.6268436164569,-0.162610061198504,-0.490203253088353,0.164983130691345,0.389359097588684,1.07043792109113,-0.210027588801471,2.35090343098373,0.303985270741808,-0.00973099646408582,0.617701537947702,0.0957353902914444,0.151565509782449,-0.051177266378905,0.354308285943802,0.212284703827629,-0.0379236833906055,0.462493091045864,0.133164514730556,,,,,,,,-0.26839585122718,-1.0809205398234,0.54412883736904,-0.0900486183729125,-0.321412414777652,0.141315178031827,0.49527266231354,,,,,,,,,,,,,,,,,,,,,,,,,,,,,0.776798068278652,0.703827720398758
37.5453915192563,-20.4805913013052,95.5713743398177,0.190002713669719,13.9343340070371,6.20565899576638,21.6630090183077,0.536702889937899,0.25138179883181,0.822023981043989,0.00141887500199276,-0.243053235010011,-0.421541163310948,-0.0645653067090743,-0.474814431588183,-0.78783947459735,-0.161789388579016,0.0105485086344005,-21.3865736995977,-80.3700785176353,37.5969311184399,-0.147986038540528,-0.491898196718517,0.19592611963746,0.454767591192675,0.69163077068795,-0.52182678217452,1.90508832355042,0.19641079873799,-0.0966802883842268,0.489501885860208,0.24564231416209,,,,,,,,0.00016491509989383,-0.00018647925104945,0.000516309450837111,0.106826647621955,-0.0882603236128906,0.3019136188568,0.335975671156213,-0.0964467329165754,-0.967754488863189,0.774861023030038,-0.0323585294109776,-0.278612986407734,0.213895927585779,0.818131491232328,,,,,,,,,,,,,,,,,,,,,,,,,,,,,0.758087458719411,0.652616034934696
33.2510932537385,-24.6063930061594,91.1085795136364,0.240761530771609,11.2365110148442,2.31387240358932,20.1591496260992,0.432791974947662,0.129345108736051,0.736238841159273,0.0167821933963887,-0.224031887537448,-0.403526471776872,-0.0445373032980241,-0.437655451631161,-0.743068053888393,-0.132242849373929,0.0176155515263172,-21.8662072336348,-80.2108661525279,36.4784516852583,-0.151304899600291,-0.481596843205607,0.178987044005024,0.438536153274947,1.03102387046514,-0.301516687421602,2.36356442835188,0.292792383593006,-0.0234100475288846,0.608994814714896,0.120466396964952,0.13322518075327,-0.09403866068943,0.360489022195971,0.186596990827167,-0.0814555904441786,0.454649572098513,0.23187678024227,7.72598291911011e-05,-0.000301095201073264,0.000455614859455467,0.0500464090531642,-0.15085327353463,0.250946091640958,0.670878288002743,-0.210454848528655,-1.0939130063992,0.673003309341886,-0.070609021164955,-0.313769057954891,0.172551015624981,0.620444973104604,,,,,,,,,,,,,,,,,,,,,,,,,,,,,0.765593258223848,0.646089496860416
36.2373446908662,-15.1978682935052,87.6725576752375,0.156123898708026,13.2912865187321,5.64968385384237,20.9328891836218,0.511934899938069,0.228055825442617,0.795813974433521,0.0018145830070417,-0.252406817425072,-0.404960382134071,-0.0998532527160723,-0.493087037248163,-0.77270546391297,-0.213468610583355,0.002696203059355,-21.0601030341009,-77.1834938924861,35.0632878242842,-0.145726999707793,-0.482306621314707,0.190852621899121,0.440743946479761,0.689892413686401,-0.534735442371373,1.91452026974417,0.195917136365469,-0.107888267608303,0.499722540339241,0.251986371667619,,,,,,,,,,,,,,,,,,,,,,0.370832491656968,-2.92669427875075,3.66835926206468,0.0266291433104923,-0.178631116281107,0.231889402902092,0.815894666047586,,,,,,,,,,,,,,,,,,,,,,0.755612070787089,0.727397276867589
27.2489222571552,-24.3435453929087,78.8413899072191,0.280651308523891,10.8520226396129,2.65890710583772,19.045138173388,0.417982797700297,0.130813914899204,0.705151680501389,0.0124482880904831,-0.23956345500182,-0.388955915956608,-0.0901709940470321,-0.467997003665906,-0.737509558317318,-0.198484449014494,0.00353342008065197,-18.5493723148083,-73.2160494076922,36.1173047780756,-0.128353805749327,-0.44714073939523,0.190433127896576,0.483772896264291,1.15326318082784,-0.206304957742863,2.51283131939854,0.327506166731424,-0.00557535018097594,0.660587683643823,0.0913365519501384,0.151079259831846,-0.063116154925846,0.365274674589538,0.211603655567388,-0.0513294086546073,0.474536719789383,0.155033138821125,,,,,,,,,,,,,,,-0.347006718184611,-3.70982922598815,3.01581578961892,-0.024918236228311,-0.228338558924928,0.178502086468306,0.830246768015429,,,,,,,,,,,,,,,,,,,,,,0.77105937608847,0.706834044885712
34.2468498179364,-17.3342087980746,85.8279084339474,0.179264449018916,13.9510174860123,6.20074423327,21.7012907387545,0.537345480489818,0.251386169998688,0.823304790980947,0.00143766187497258,-0.257937743375912,-0.410870154801408,-0.105005331950415,-0.503891927219679,-0.780585888603939,-0.22719796583542,0.00241736922770621,-19.1879944549074,-75.4289775238239,37.052988614009,-0.132772800674134,-0.460646525581425,0.195100924233157,0.481418600280563,0.69341440950081,-0.531174540449316,1.91800335945094,0.196917320337001,-0.0988151473698888,0.492649788043891,0.248619234350889,,,,,,,,0.000173280131265612,-0.000166975975823934,0.000513536238355158,0.112245243367737,-0.0772520177126389,0.301742504448114,0.297634216263334,,,,,,,,0.255737152722977,-3.04936838844795,3.5608426938939,0.018364251900497,-0.18148266099031,0.218211164791304,0.872246641818387,,,,,,,,,,,,,,,,,,,,,,0.757691198457781,0.688880289288053
27.4490126716656,-25.3683680766877,80.2663934200189,0.28688644778773,11.6323853050807,2.8254251831084,20.439345427053,0.448039698700712,0.146642883018996,0.749436514382428,0.0128411653188277,-0.244917118979613,-0.398950813090854,-0.0908834248683714,-0.478455605125891,-0.749907618451778,-0.207003591800004,0.00389356887314542,-17.8088907043489,-73.8267779846983,38.2089965760006,-0.12322998639971,-0.440153491482672,0.193693518683252,0.509964260062084,1.08298778520463,-0.32962633820735,2.49560190861662,0.307549208234259,-0.0273980346938872,0.642496451162405,0.123644716565058,0.127471538686018,-0.106377838087321,0.361320915459357,0.178538361895492,-0.0961124387125316,0.453189162503515,0.264825470709402,0.000104851507027096,-0.000256232964697159,0.000465935978751351,0.067919402171332,-0.124565300904806,0.26040410524747,0.546831139622079,,,,,,,,-0.304480792183848,-3.74996456076753,3.14100297639983,-0.0218644882332911,-0.224024979193767,0.180296002727185,0.853750579769492,,,,,,,,,,,,,,,,,,,,,,0.762378285219164,0.667719091178788
42.213986485589,-16.5180734655327,100.946046436711,0.147782137348299,13.1874039868883,5.33325283939892,21.0415551343777,0.507933700094111,0.224066788306719,0.791800611881503,0.00250267025884705,-0.229278558480951,-0.41487200540656,-0.0436851115553424,-0.447905037824355,-0.768750768111533,-0.127059307537177,0.0184333797457507,-25.0054699435623,-85.0547703588158,35.0438304716913,-0.173027268919736,-0.523131519384335,0.177076981544863,0.391888538169901,0.648130325716578,-0.621341736972917,1.91760238840607,0.184057448504907,-0.121730427672904,0.489845324682718,0.296453831032523,,,,,,,,,,,,,,,-0.200482139723079,-1.06468854082067,0.663724261374512,-0.0672631100963915,-0.312223822787696,0.177697602594913,0.63078309576323,0.345616342239909,-3.03986229484502,3.73109497932484,0.024818394598681,-0.179957682014997,0.229594471212359,0.832028812794766,,,,,,,,,,,,,,,,,,,,,,0.744832003959852,0.68619123775623
34.9345900967621,-22.71448885412,92.5836690476442,0.217208054881535,10.5665338548613,2.16031016972847,18.9727575399942,0.406986746095418,0.121310560027934,0.692662932162902,0.0169528723504962,-0.207034314576013,-0.389026750269754,-0.0250418788822722,-0.404449997921688,-0.710798525231197,-0.0981014706121799,0.0282588162440081,-23.8232395820123,-81.8900161185992,34.2435369545746,-0.164846735174332,-0.493676162312766,0.163982691964103,0.397302960940756,1.12300211281622,-0.267475671336509,2.51347989696894,0.318912563336775,-0.0116352423135943,0.649460368987145,0.106185484635958,0.159921149050653,-0.0603225123184432,0.380164810419749,0.223987725246468,-0.0398665680329779,0.487842018525915,0.143276378371425,,,,,,,,-0.275456018846624,-1.11715937106761,0.566247333374359,-0.0924173522289139,-0.325040621576758,0.14020591711893,0.497781654510712,-0.423664320856819,-3.86331215492347,3.01598351320983,-0.0304229488231429,-0.232378558638159,0.171532660991873,0.797338399765718,,,,,,,,,,,,,,,,,,,,,,0.76385420469306,0.66502341953217
37.2080970754806,-23.0207809430189,97.4369750939802,0.208814687643075,13.8633811111363,5.80633926851988,21.9204229537527,0.533970027049715,0.246118136147044,0.821821917952386,0.00216958134123577,-0.246604029807718,-0.43757990297087,-0.0556281566445654,-0.481751054396309,-0.80601508110377,-0.157487027688847,0.0146074337890558,-21.1750946024629,-82.2869009997577,39.936711794832,-0.146522692692862,-0.4922000834355,0.199154698049776,0.473247253041629,0.673323442500219,-0.607141751528328,1.95378863652877,0.191211844173643,-0.108564073030797,0.490987761378084,0.28142791815321,,,,,,,,0.000163255397853656,-0.000201116942283284,0.000527627737990595,0.10575154652377,-0.090425170244716,0.301928263292255,0.356334254272004,-0.0954700919861439,-0.997307913800912,0.806367729828624,-0.0320308597915342,-0.27929973721754,0.215238017634472,0.82527375332816,0.250387742584434,-3.1677282358515,3.66850372102036,0.0179801156330158,-0.182525506836471,0.218485738102503,0.878535113282312,,,,,,,,,,,,,,,,,,,,,,0.74335473581602,0.628909777880584
41.3046457666935,-11.7699285452805,94.3792200786675,0.119412054502631,13.465897926963,5.93773565706315,20.9940601968629,0.518660334204703,0.236828876237639,0.800491792171768,0.00144005962350577,-0.248438055626416,-0.392561028051893,-0.104315083200939,-0.485333898815506,-0.751730356826589,-0.218937440804422,0.00195134798943177,-24.9508704507053,-81.7854060140697,31.8836651126592,-0.172649463537362,-0.513646202493542,0.168347275418818,0.36855810673789,0.635060060358597,-0.585845665269064,1.85596578598626,0.180345726344071,-0.122220312372079,0.482911765060221,0.288890031624463,,,,,,,,,,,,,,,,,,,,,,,,,,,,,-0.219881246327888,-0.960092794394059,0.520330301738282,-0.0670900574688644,-0.26399694202689,0.129816827089161,0.540402796132246,,,,,,,,,,,,,,,0.760046239795114,0.734450022391585
31.9356192272123,-21.1271556180082,84.9983940724327,0.221268430251156,10.9376920342182,2.84244695558576,19.0329371128507,0.421282489787533,0.136255678293193,0.706309301281872,0.0110596176598136,-0.245807731910284,-0.385565593285649,-0.106049870534918,-0.480195453897804,-0.737283968889347,-0.22310693890626,0.0017367480525697,-22.1053468498239,-77.3407214384162,33.1300277387683,-0.152959644533024,-0.475283984328685,0.169364695262636,0.410197073145572,1.0266896791001,-0.275355437922502,2.32873479612271,0.29156155057636,-0.0265759401296748,0.609699041282395,0.114509167307383,0.145598199352921,-0.0561872233840637,0.347383622089905,0.203926808096614,-0.0443434422156317,0.45219705840886,0.146308611705728,,,,,,,,,,,,,,,,,,,,,,-0.229573348804872,-0.947247305844076,0.488100608234333,-0.0700473069980273,-0.255983741221286,0.115889127225232,0.508815629223886,,,,,,,,,,,,,,,0.776411767386551,0.717159586835984
39.7387368247986,-13.1268694013977,92.6043430509949,0.131178637092777,14.1499303742971,6.55991298899092,21.7399477596033,0.545006924656039,0.26165344365238,0.828360405659697,0.00107146454845819,-0.256253051475323,-0.400301616986549,-0.112204485964096,-0.500600812714882,-0.764664881335068,-0.236536744094695,0.00158379463558454,-23.4115734942944,-80.0094491149739,33.1863021263852,-0.161998180077168,-0.492190369488822,0.168194009334487,0.394975660846814,0.616781790669438,-0.598009702943259,1.83157328428213,0.175155023874855,-0.11772078712821,0.46803083487792,0.299048457882704,,,,,,,,0.000184892542261059,-0.000150891428261709,0.000520676512783828,0.119767386205176,-0.0679704567657197,0.307505229176073,0.261398320104352,,,,,,,,,,,,,,,-0.254410908721513,-0.993306347399524,0.484484529956498,-0.077625731033831,-0.269275861211205,0.114024399143543,0.477455633610468,,,,,,,,,,,,,,,0.764617994678736,0.703354433840914
32.5705503458056,-21.6187393049164,86.7598399965276,0.220799308521641,11.805323790525,3.1258619462819,20.4847856347682,0.454700697703073,0.155647657643804,0.753753737762343,0.010807310461954,-0.251180030498761,-0.394760703329008,-0.107599357668514,-0.490690458831619,-0.749335547706226,-0.232045369957011,0.00190756063563777,-21.6288716928001,-78.0194016625532,34.761658276953,-0.149662638105469,-0.468956313982739,0.1696310377718,0.428094681399112,0.947461439291727,-0.40338715868622,2.29831003726967,0.269062144068045,-0.0503015645803141,0.588425852716404,0.156490799561456,0.120418966726293,-0.0995113151356408,0.340349248588227,0.168660434180656,-0.0898023045980465,0.427123172959359,0.262782969580974,0.000116339696847422,-0.000240352036490636,0.000473031430185481,0.0753610785644595,-0.115196580847481,0.2659187379764,0.499202877500219,,,,,,,,,,,,,,,-0.249624286325463,-0.984636644550723,0.485388071899797,-0.0761652391683545,-0.261275181063308,0.108944702726599,0.481935072070447,,,,,,,,,,,,,,,0.769329957247354,0.682885200137644
47.5565359327395,-12.6190630702403,107.732134935719,0.113753631017391,13.3524047145195,5.61883672832735,21.0859727007117,0.51428896381298,0.232573788339103,0.796004139286856,0.00201333855868702,-0.224794469712914,-0.401623295832056,-0.0479656435937715,-0.439145187088366,-0.74612724993046,-0.132163124246273,0.0157519104364653,-29.0877908315757,-89.7926611177504,31.617079454599,-0.201275201700092,-0.555409302720947,0.152858899320764,0.326211686673963,0.588352427516434,-0.678194652989001,1.85489950802187,0.167081591978613,-0.137657607796262,0.471820791753488,0.340790384117207,,,,,,,,,,,,,,,-0.208308595018957,-1.06376089367759,0.647143703639682,-0.0698889386363217,-0.312475960692287,0.172698083419644,0.614036371688586,,,,,,,,-0.223546165875026,-0.98272137640468,0.535629044654628,-0.0682082959141278,-0.264546685648794,0.128130093820539,0.542673421336366,,,,,,,,,,,,,,,0.749815703363441,0.698724939778596
39.6927284593402,-19.310542683552,98.6959996022323,0.173058146926469,10.6604816958765,2.3594104246973,18.9615529670556,0.410605295625721,0.127177931965249,0.694032659286193,0.0150627832803763,-0.214547695619053,-0.385649574381423,-0.0434458168566819,-0.419127694966574,-0.710731433643407,-0.127523956289741,0.0171797683049156,-27.4078199794243,-85.9974597647629,31.1818198059142,-0.189650514418925,-0.521751354537333,0.142450325699483,0.336116558767943,0.984994482433236,-0.349300124189641,2.31928908905611,0.279720858652357,-0.0363818597523096,0.595823577057023,0.137157733215149,0.152957859110194,-0.0541000356980526,0.360015753918442,0.214234847135888,-0.0343442447255141,0.46281393899729,0.136906516544126,,,,,,,,-0.274240895410719,-1.10407685607855,0.555595065257115,-0.0920096701203585,-0.321419980958773,0.137400640718056,0.493629285397299,,,,,,,,-0.23488817552619,-0.967219101876782,0.497442750824403,-0.0716689643068028,-0.25589021870144,0.112552290087835,0.506262363865461,,,,,,,,,,,,,,,0.769507980691924,0.68453295528006
42.697139510136,-18.4795268243201,103.873805844592,0.158413037711688,14.0604232963636,6.16830193278769,21.9525446599395,0.54155941813204,0.256333169316159,0.826785666947921,0.00165172787222709,-0.244961500970066,-0.427104172515357,-0.0628188294247753,-0.478542307158755,-0.79005020099279,-0.167034413324721,0.0115561910949573,-25.3966447421139,-86.7534421512953,35.9601526670675,-0.175734032968416,-0.523056962647408,0.171588896710575,0.393219109711915,0.596316695615869,-0.674093815402147,1.86672720663389,0.169343302019678,-0.127594178800349,0.466280782839705,0.334518494506805,,,,,,,,0.000174795756519349,-0.000184844153499029,0.000534435666537726,0.113227016201226,-0.0810624640057897,0.307516496408241,0.31817615311355,-0.0957226815757027,-0.984433206736176,0.792987843584771,-0.0321156053025068,-0.275796865333133,0.211565654728119,0.822279049327235,,,,,,,,-0.254209396887848,-1.01824622320808,0.509827429432381,-0.0775642458424971,-0.269824972649349,0.114696480964355,0.490745448456124,,,,,,,,,,,,,,,0.750718909781159,0.650267003644039
41.5192969279035,-14.7583924460297,97.7969863018367,0.138001265358216,13.4847824989726,5.62692329485666,21.3426417030885,0.519387703332476,0.234005438724435,0.804769967940517,0.00211217155566025,-0.247580020736446,-0.404827108691143,-0.0903329327817499,-0.483657692578025,-0.763612756956517,-0.203702628199533,0.00403530858506702,-25.1069233612909,-84.5478798059229,34.3340330833411,-0.173729283632188,-0.520311372294749,0.172852805030373,0.38528658089893,0.637433374528214,-0.63184255718175,1.90670930623818,0.181019705223361,-0.124660606126729,0.486700016573451,0.304170435544509,,,,,,,,,,,,,,,,,,,,,,-0.0637421514390912,-3.81398731517565,3.68650301229747,-0.00457726581078785,-0.231233648820616,0.222079117199041,0.971811624075979,-0.226166883808289,-1.07574493069178,0.623411163075205,-0.0690079280778008,-0.288432565774938,0.150416709619336,0.581680329553368,,,,,,,,,,,,,,,0.745950530028988,0.716538750269253
34.1701226562055,-20.7920435968216,89.1322889092326,0.206079084409824,10.8868860465385,2.59006473216728,19.1837073609096,0.41932561690074,0.135263441935811,0.70338779186567,0.0133354169777655,-0.231056247681743,-0.383780434016542,-0.0783320613469426,-0.451377826357202,-0.718716406006833,-0.184039246707571,0.00549391110949314,-24.3056407572474,-81.4537590864115,32.8424775719167,-0.168184747139834,-0.491909134282546,0.155539640002879,0.380633115354966,1.12329610321169,-0.255390567588514,2.5019827740119,0.318996051363688,-0.00903644668670539,0.647028549414081,0.103380539999706,0.166737455605187,-0.0535705139542297,0.387045425164603,0.233534736437896,-0.0315044761480777,0.498573949023871,0.128174765141446,,,,,,,,,,,,,,,-1.06749574350797,-4.90868232869426,2.77369084167832,-0.0766558966022576,-0.303486179871908,0.150174386667393,0.563994923435153,-0.336246691398787,-1.16576429011563,0.493270907318059,-0.102595424695839,-0.31244360725248,0.107252757860802,0.402862009837343,,,,,,,,,,,,,,,0.767481467208125,0.681270047219925
40.7253985598964,-15.3483728659873,96.79916998578,0.143187647719641,14.2513595257045,6.29597135606513,22.2067476953439,0.548913628676252,0.261064225102384,0.836763032250121,0.00158065324281272,-0.252336705328844,-0.409209219731214,-0.0954641909264738,-0.492950070401716,-0.768612929254564,-0.217287211548869,0.00358399556386624,-24.1217496883263,-83.3551309303532,35.1116315537006,-0.166912298771297,-0.502190603245913,0.168366005703319,0.400731965778015,0.627673758241865,-0.63669502151027,1.892042537994,0.178248148329975,-0.117550108919258,0.474046405579209,0.308255689637432,,,,,,,,0.000188182877672061,-0.000161697632808737,0.00053806338815286,0.121898758661279,-0.0679939055964998,0.311791422919058,0.270988701242008,,,,,,,,-0.301271290117942,-4.06264888792574,3.46010630768985,-0.0216340168145476,-0.242297646787772,0.199029613158677,0.86729895702219,-0.284733871308992,-1.13791757686161,0.568449834243624,-0.0868778584280268,-0.30158265070239,0.127826933846337,0.489447102622348,,,,,,,,,,,,,,,0.750356456066995,0.684447895803323
47.9427985400963,-15.9715264134597,111.857123493652,0.131360238637014,13.3829089842682,5.29594838446274,21.4698695840737,0.515463883957803,0.230096788280423,0.800830979635184,0.00291279647866323,-0.223257507816301,-0.414895768202638,-0.0316192474299643,-0.436142669186136,-0.75725224430074,-0.115033094071532,0.025161008503279,-29.3664663499427,-93.0612071763252,34.3282744764398,-0.203203518343076,-0.563681860891121,0.157274824204969,0.342927316512965,0.592015963766592,-0.72651101588265,1.91054294341583,0.16812197090852,-0.139656780096069,0.475900721913109,0.355340183571998,,,,,,,,,,,,,,,-0.209400594710449,-1.09621411789898,0.677412928478085,-0.0702553118981771,-0.314236203627609,0.173725579831255,0.623491334813011,-0.104970956624665,-3.96301379846685,3.75307188521752,-0.00753786874205033,-0.23375666498969,0.21868092750559,0.954718438441561,-0.233916603629116,-1.10763617679894,0.639802969540707,-0.0713725187685935,-0.290413376602513,0.147668339065326,0.578216894061287,,,,,,,,,,,,,,,0.734234445455778,0.682094501641213
32.6889491874627,-20.265079395867,85.6429777707924,0.211038996146989,13.4450133844618,5.90666182768672,20.9833649412369,0.517855933053578,0.235915377856186,0.79979648825097,0.00147545978477444,-0.252791095715922,-0.398511868893755,-0.10707032253809,-0.493837740600185,-0.763367681459522,-0.224307799740848,0.00185377071630089,-19.9211469545104,-75.8040702058888,35.9617762968681,-0.137845905678532,-0.472988307715386,0.197296496358323,0.46357072538405,0.610744569778866,-0.642127153117631,1.86361629267536,0.173440560858561,-0.136750238967275,0.483631360684397,0.319332835563922,,,,,,,,,,,,,,,,,,,,,,,,,,,,,,,,,,,,0.136300410374697,-0.361033482361828,0.633634303111222,0.0670997633104775,-0.145931041998454,0.280130568619409,0.571890835705371,,,,,,,,0.7592876528567,0.731788199732595
25.3008542485631,-27.6265560423353,78.2282645394614,0.327329270380124,11.0103041601501,2.79320218856655,19.2274061317337,0.424079260541881,0.135510180249506,0.712648340834256,0.0116251417011829,-0.247850327466049,-0.39048964920688,-0.105211005725217,-0.484185747825532,-0.745388413189617,-0.222983082461447,0.00191396738957009,-17.6821412832967,-72.4123451723479,37.0480626057545,-0.122352934050312,-0.441476073949533,0.196770205848909,0.50465046668919,1.03266203317404,-0.344621515305068,2.40994558165315,0.293257592574089,-0.0424087727987623,0.62892395794694,0.132097442035944,0.138628597866768,-0.0683771560796596,0.345634351813197,0.194165089949734,-0.0589834349018213,0.447313614801289,0.175729127562285,,,,,,,,,,,,,,,,,,,,,,,,,,,,,0.0780479964602435,-0.415837885742399,0.571933878662886,0.0384224968578052,-0.166576493569346,0.243421487284957,0.742901204123433,,,,,,,,0.771912527957635,0.729016458980208
28.0267232784433,-24.789163138062,80.8426096949486,0.278465388004036,14.2286085206938,6.67869783747367,21.778519203914,0.548037337772642,0.264991862510573,0.831082813034712,0.000976342627756336,-0.264246639872132,-0.409275648810362,-0.119217630933901,-0.516216614458168,-0.783753565414375,-0.248679663501962,0.00130011295213966,-16.8082261115153,-72.1911320378993,38.5746798148688,-0.116305810929564,-0.439163297604501,0.206551675745372,0.530507294584164,0.549314377842204,-0.691148773112479,1.78977752879689,0.155995482391468,-0.142485755810645,0.454476720593581,0.363236443200726,,,,,,,,0.000207528197262394,-0.000134198994595939,0.000549255389120728,0.134430028631956,-0.0576830643315925,0.326543121595504,0.217299793155657,,,,,,,,,,,,,,,,,,,,,,0.207137763619475,-0.297302054025134,0.711577581264084,0.101972509644832,-0.109532704862673,0.313477724152336,0.398360002047086,,,,,,,,0.767573196990519,0.711644980471183
24.0430353941422,-29.8847769481287,77.970847736413,0.358646235704779,12.1365876659502,3.23062068873549,21.0425546431649,0.46745984924795,0.160774992059635,0.774144706436265,0.0106843314657839,-0.256687820918753,-0.403730237667828,-0.109645404169679,-0.501450152597751,-0.765848329769273,-0.237051975426229,0.00193966431797165,-16.1719237850503,-71.9761632588777,39.6323156887771,-0.111902868133289,-0.427565613404435,0.203759877137858,0.547625811315285,0.88687088616518,-0.569332072685259,2.34307384501562,0.251855508042114,-0.0907285306556286,0.594439546739856,0.215017072543898,0.104131122098396,-0.126568151176284,0.334830395373077,0.145847458604706,-0.122926194099082,0.414621111308494,0.352871131497562,0.000137826094261293,-0.000239442764685794,0.00051509495320838,0.0892792692375668,-0.112765729481219,0.291324267956353,0.449954668548047,,,,,,,,,,,,,,,,,,,,,,0.139589349695453,-0.390105482877082,0.669284182267989,0.0687188857280735,-0.145363401675578,0.282801173131725,0.584132352914156,,,,,,,,0.766413385927508,0.696753749882075
38.4280985606426,-22.3016973821041,99.1578945033893,0.199469849227071,13.3397202279085,5.57984343135514,21.0995970244619,0.513800400770207,0.231600366425001,0.796000435115413,0.00208358953403256,-0.231549040837342,-0.411532482078468,-0.0515655995962164,-0.452340517934037,-0.7650343415299,-0.139646694338173,0.0147290386314861,-23.6183237768539,-83.6027498888,36.3661023350923,-0.163428804529354,-0.513147280260142,0.186289671201433,0.417646276050909,0.578950614894352,-0.71676927321223,1.87467050300093,0.164411644941914,-0.147171818608616,0.475995108492444,0.359038051333508,,,,,,,,,,,,,,,-0.183262138434985,-1.04533950253756,0.678815225667592,-0.0614856835181392,-0.305700799532617,0.182729432496339,0.65945009467434,,,,,,,,,,,,,,,0.12596051741034,-0.387254386077744,0.639175420898424,0.0620095044575753,-0.151493990588888,0.275512999504039,0.611256312373589,,,,,,,,0.748108720317923,0.684606301331286
32.9061236220355,-26.7285242059248,92.5407714499959,0.259230706476594,10.7189534658757,2.2619728388227,19.1759340929286,0.412857428230157,0.125117031152959,0.700597825307355,0.0162002632387155,-0.217794205150263,-0.394061468912923,-0.0415269413876018,-0.425469884066191,-0.724884518252195,-0.126055249880186,0.018595335964716,-22.730355625926,-81.1114869725778,35.6507757207258,-0.157284440740569,-0.487817074386795,0.173248192905656,0.421296320544854,1.01303446205149,-0.396786487671379,2.42285541177435,0.287683712572143,-0.0457570611433336,0.621124486287619,0.147210577821508,0.14681716632661,-0.0665668205804603,0.360201153233681,0.205634109733753,-0.0488392274690982,0.460107446936604,0.164030969588867,,,,,,,,-0.256786147277895,-1.10239554201157,0.588823247455779,-0.08615348439237,-0.319571241930823,0.147264273146083,0.528856993624022,,,,,,,,,,,,,,,0.0601189049192077,-0.448342629769754,0.56858043960817,0.0295961272565094,-0.175007690739705,0.234199945252724,0.805274251865312,,,,,,,,0.763775511301963,0.673667780601018
29.3730766378982,-33.2492066538629,91.9953599296593,0.334855944319131,14.1878453141175,6.31610495261649,22.0595856756185,0.546467278467218,0.260832058058283,0.832102498876153,0.00150499671848023,-0.259396913476191,-0.44548480440711,-0.0733090225452722,-0.506742475667331,-0.826790108449103,-0.186694842885559,0.00931235369966702,-17.678070512415,-78.3162521732157,42.9601111483857,-0.122324766038687,-0.465260984317018,0.220611452239644,0.545257113351752,0.543863611279132,-0.746466293907281,1.83419351646555,0.154447561940615,-0.146707088659276,0.455602212540506,0.384820325670869,,,,,,,,0.000202752969013265,-0.000167257430636798,0.000572763368663328,0.131336790803445,-0.0697044871808514,0.332378068787742,0.262420363103524,-0.0395660751053129,-0.936204141331263,0.857071991120637,-0.0132746850645495,-0.258938636507601,0.232389266378502,0.92663170832505,,,,,,,,,,,,,,,0.203275424163711,-0.326316117631021,0.732866965958443,0.100071106247776,-0.115191816883597,0.31533402937915,0.427765078383915,,,,,,,,0.753181511996795,0.649273970012398
32.4851294177745,-22.4228685600013,87.3931273955503,0.22886670603287,13.4970167202756,5.6173992307972,21.376634209754,0.519858923695511,0.233884664846531,0.805833182544491,0.00214321688271681,-0.250932210332897,-0.407459969040907,-0.0944044516248858,-0.490206332005716,-0.76955056972812,-0.210862094283311,0.00354098048910298,-19.9129610602217,-77.6455325772626,37.8196104568192,-0.137789262754578,-0.474270233889371,0.198691708380215,0.476694034539241,0.612282507332492,-0.682536472178394,1.90710148684338,0.173877307683773,-0.137678374821084,0.485432990188629,0.332428848636536,,,,,,,,,,,,,,,,,,,,,,-0.17553785004758,-4.22368430443487,3.87260860433971,-0.0126052130557556,-0.257297169171859,0.232086743060348,0.928175087556325,,,,,,,,0.150971542769939,-0.464214728377152,0.76615781391703,0.0743222618232199,-0.181593862370283,0.330238386016723,0.611294353394332,,,,,,,,0.745253526077433,0.701484623600229
23.6592584348641,-31.3443867594387,78.6629036291669,0.375379366747273,11.0614926899014,2.60194689790398,19.5210384818988,0.426050867640957,0.137126936526681,0.714974798755234,0.0136059764067756,-0.238192908083255,-0.391748107673985,-0.0846377084925253,-0.465319584227006,-0.734574064593577,-0.196065103860434,0.00463137327474127,-17.4509024623622,-73.7837713963681,38.8819664716437,-0.12075285927688,-0.439426649363166,0.197920930809407,0.52070295966075,1.07621369234363,-0.355645318265561,2.50807270295281,0.305625486725695,-0.0335378568029152,0.644788830254306,0.130639716307247,0.150427331536514,-0.0696050625853767,0.370459725658405,0.210690555975732,-0.0515104799371185,0.472891591888583,0.166572386982099,,,,,,,,,,,,,,,-0.872257701362765,-4.94378216159051,3.19926675886498,-0.0626360307034686,-0.302361089775627,0.17708902836869,0.655817354700263,,,,,,,,0.145991814001922,-0.453095922774164,0.745079550778009,0.0718707752813544,-0.170050659216578,0.313792209779287,0.612501803722123,,,,,,,,0.760741357318091,0.685325778816286
26.7381492062447,-28.0982079795606,81.57450639205,0.316665333886466,14.5246696753623,6.59307234501488,22.4562670057096,0.559440600908768,0.270143434372631,0.848737767444905,0.00132284535115484,-0.25684387851393,-0.411200794113683,-0.102486962914177,-0.501755017490193,-0.775290986416992,-0.228219048563393,0.00279666726296537,-16.5207259902479,-73.6076253559721,40.5661733754763,-0.114316431769354,-0.43717641580662,0.208543552267911,0.54817409086767,0.551252726761325,-0.726974332035062,1.82947978555771,0.156545938900306,-0.141900484339998,0.454992362140609,0.374164205391618,,,,,,,,0.000224250607700764,-0.000138531977034406,0.000587033192435935,0.145262263208653,-0.0532885118732867,0.343813038290593,0.208561034594278,,,,,,,,-0.786223623043885,-4.89121380374092,3.31876655765315,-0.0564580019366177,-0.297941731021213,0.185025727147978,0.690104254334255,,,,,,,,0.278556897457188,-0.36114500286336,0.918258797777735,0.13713166260098,-0.123733066720268,0.397996391922228,0.36966271941853,,,,,,,,0.755565034819662,0.683300802741963
38.2230640196419,-24.9042582228085,101.350386262092,0.217566397551019,13.386106200187,5.25444292474352,21.5177694756304,0.515587029780379,0.229165659721373,0.802008399839386,0.00302855561275038,-0.230000013081528,-0.420973553141013,-0.0390264730220423,-0.449314428882553,-0.770195453468764,-0.128433404296343,0.0212686765458964,-23.5949692727982,-85.7123092896884,38.522370744092,-0.163267201245639,-0.514608259145368,0.188073856654091,0.432487896118642,0.580447512680197,-0.76188060176035,1.92277562712074,0.164836737205311,-0.148326965462242,0.478000439872865,0.372918034145732,,,,,,,,,,,,,,,-0.182462845778865,-1.07540694750107,0.710481255943343,-0.0612175154409124,-0.306617201431317,0.184182170549492,0.670668353171409,-0.155026229036639,-4.32455257980569,4.01450012173241,-0.0111322922418585,-0.255628605541778,0.233364021058061,0.938153374303742,,,,,,,,0.138962423195429,-0.497206485041064,0.775131331431922,0.0684102540838328,-0.18818581306296,0.325006321230626,0.649554237793207,,,,,,,,0.732469393278912,0.650892520632114
37.3327413158789,-20.5200855481056,95.1855681798633,0.191136609775973,13.4977527889713,5.75982754595618,21.2356780319864,0.519887274544284,0.237549393507538,0.80222515558103,0.00185559205858277,-0.252651890836737,-0.402168093824876,-0.103135687848597,-0.493565798177439,-0.763058680341103,-0.224072916013776,0.00238239768809759,-23.1955655267115,-82.2208315382403,35.8297004848173,-0.16050349636276,-0.504634727160858,0.183627734435337,0.418532782084438,0.564481540283805,-0.736166934418724,1.86513001498633,0.160302685911028,-0.152365438718328,0.472970810540383,0.372651788308975,,,,,,,,,,,,,,,,,,,,,,,,,,,,,-0.182700710269705,-0.964521266927193,0.599119846387784,-0.0557455506383593,-0.257411371741686,0.145920270464967,0.628295923565505,0.107995320454543,-0.416466504844735,0.632457145753821,0.0531653604066055,-0.164756717090889,0.2710874379041,0.669428881772057,,,,,,,,0.748721145182355,0.711820228482741
30.554881023946,-26.8105908515549,87.9203528994469,0.2754856441929,11.0073005815336,2.58930246318553,19.4252986998817,0.423963572965939,0.136282614796981,0.711644531134898,0.013605026871965,-0.247555202409155,-0.393685516783674,-0.101424888034635,-0.483609208960987,-0.744321028411295,-0.22289738951068,0.00244386677819847,-21.4660408636934,-79.1342195410586,36.2021378136718,-0.148535917683104,-0.474965780778768,0.177893945412559,0.441590361751729,0.989605858456342,-0.429673928383773,2.40888564529646,0.28103040716634,-0.0542393386959275,0.616300153028607,0.158789994099519,0.142324494967094,-0.0701510019587153,0.354799991892903,0.199341613437473,-0.0534977089072687,0.452180935782215,0.174800439318964,,,,,,,,,,,,,,,,,,,,,,-0.214458551806911,-0.979009208105655,0.550092104491833,-0.06543548759024,-0.257308040773284,0.126437065592804,0.560400376489525,0.0432697572244767,-0.477660335503135,0.564199849952089,0.0213014066522814,-0.188202864778553,0.230805678083116,0.862436839083037,,,,,,,,0.762896975911734,0.694477125339821
32.9946537623691,-24.5628706724496,90.5521781971879,0.24190759853069,14.2970924680533,6.54431289823596,22.0498720378707,0.550675105206927,0.267114552640738,0.834235657773116,0.00124887812753978,-0.264260896828791,-0.413098609263908,-0.115423184393674,-0.516244466005884,-0.783701056478959,-0.248787875532809,0.0016972782696652,-20.3137165752808,-78.7701545489818,38.1427213984201,-0.140562321306634,-0.471332259241887,0.190207616628618,0.47198686201341,0.498266542699859,-0.790226890051887,1.78675997545161,0.141498808011032,-0.158955253125944,0.441952869148008,0.424387244640822,,,,,,,,0.00021052084083687,-0.000140374562675778,0.000561416244349518,0.13636856598114,-0.0553327915937318,0.328069923556011,0.221604690614954,,,,,,,,,,,,,,,-0.198098364425815,-0.970192687111473,0.573995958259842,-0.0604436752827804,-0.253965836369583,0.133078485804022,0.594002331717853,0.177468681078402,-0.352976194719648,0.707913556876451,0.0873666224675866,-0.127690448721425,0.302423693656598,0.48837799534462,,,,,,,,0.75752976636951,0.690904961477464
43.5455434514153,-22.5177594413039,109.608846344134,0.181390857990126,13.3894465939259,5.41198095778496,21.3669122300668,0.515715690322913,0.23310676271239,0.798324617933437,0.00262145235867858,-0.230358368406013,-0.415392824111397,-0.0453239127006299,-0.450014490659947,-0.762307965730315,-0.137721015589579,0.0178591335211728,-27.2095126064793,-90.7010623862126,36.282037173254,-0.188278311327971,-0.547552443432808,0.170995820776866,0.377099559736715,0.529218412903892,-0.818907549804699,1.87734437561248,0.15028858690297,-0.163927645730848,0.464504819536789,0.417551747680509,,,,,,,,,,,,,,,-0.192284066001865,-1.07904844527845,0.694480313274723,-0.0645126010682557,-0.308321220933238,0.179296018796727,0.651933314966409,,,,,,,,-0.190219808666783,-0.995408519593002,0.614968902259436,-0.058039774234044,-0.259625731717221,0.143546183249133,0.623322746099874,0.0959814945433237,-0.446491815179913,0.638454804266561,0.0472510357697244,-0.171299619399612,0.265801690939061,0.712525399081931,,,,,,,,0.736496142926648,0.66914744112399
37.776390476792,-22.0673447529289,97.6201257065129,0.199542346962772,13.6950749362247,5.57626076545409,21.8138891069952,0.527487448806373,0.239822813598541,0.815152084014205,0.00252440272314293,-0.24603659372525,-0.407699292387756,-0.0843738950627445,-0.480642544810135,-0.760383046744011,-0.200902042876259,0.00527755594981268,-23.9881637207182,-85.2252879231128,37.2489604816764,-0.165987940413171,-0.512395301478099,0.180419420651757,0.418519782351262,0.55831803220259,-0.785897214972608,1.90253327937779,0.158552359585819,-0.154924070418996,0.472028789590634,0.391622785292209,,,,,,,,,,,,,,,,,,,,,,-0.621395992659422,-5.10981196295865,3.86701997763981,-0.0446218799953491,-0.308223009770218,0.218979249779519,0.77292108128839,-0.228541672493897,-1.10135242291574,0.644269077927948,-0.0697325224306827,-0.288486795578429,0.149021750717063,0.586511942445756,0.152828503966622,-0.478315551254174,0.783972559187417,0.0752364311674765,-0.179538969197915,0.330011831532868,0.614739096705549,,,,,,,,0.734445824104965,0.686851460509403
35.1550603894453,-17.7943854917665,88.1045062706571,0.180028411143738,13.1760484683658,5.37345099458687,20.9786459421447,0.507496324356978,0.219243572558479,0.795749076155476,0.00229928875049727,-0.259585769784127,-0.438959419723529,-0.0802121198447254,-0.507111414186092,-0.830128775142505,-0.184094053229679,0.00703809859640383,-20.1635584969134,-77.1427964677032,36.8156794738763,-0.139523290955884,-0.481207103313764,0.202160521401995,0.466794408821254,0.684140852907814,-0.548425734980481,1.91670744079611,0.194283795724207,-0.111415418655974,0.499983010104388,0.258783150554782,,,,,,,,,,,,,,,,,,,,,,,,,,,,,,,,,,,,,,,,,,,0.0463775012405047,-0.347461202379143,0.440216204860153,0.0354391901782972,-0.225462109228661,0.296340489585256,0.80739898276395,0.755684940934643,0.721876500564939
27.0423400157876,-25.8019458507661,79.8866258823413,0.295369998736102,10.8562842487599,2.56198782399221,19.1505806735277,0.418146940309758,0.127977003442079,0.708316877177437,0.0133421033515671,-0.24633142501437,-0.421975881344291,-0.0706869686844485,-0.481218509787322,-0.791652151187506,-0.170784868387137,0.00879150016025205,-18.2321086667451,-73.7672816167231,37.3030642832329,-0.126158475580537,-0.449978258713905,0.197661307552832,0.497883415129437,1.10319058979896,-0.239194596743801,2.44557577634171,0.313286444278819,-0.0150726138926179,0.641645502450257,0.101036103251206,0.143868310198977,-0.0628122063023672,0.350548826700321,0.201503901940545,-0.0519334503851178,0.454941254266208,0.160196204242635,,,,,,,,,,,,,,,,,,,,,,,,,,,,,,,,,,,,0.00664468954974483,-0.380959207225472,0.394248586324961,0.00507751410340091,-0.244206453796775,0.254361482003577,0.971569280242288,0.770438732253464,0.711188085656656
31.5659485336934,-21.5312532545822,84.663150321969,0.226715803102861,13.6857562936911,5.86564180797891,21.5058707794033,0.527128526566133,0.240079900302523,0.814177152829743,0.00180770108224873,-0.277339846004198,-0.458762435909681,-0.0959172560987159,-0.541794727940213,-0.865192500813353,-0.218396955067073,0.00496977993989401,-17.0526246918672,-74.0374211339256,39.9321717501913,-0.117996945668547,-0.450140565302395,0.2141466739653,0.536203197552418,0.651786322574183,-0.576171011363092,1.87974365651146,0.185095686381848,-0.111119508961979,0.481310881725675,0.27834335870446,,,,,,,,0.000187564481081532,-0.000155343902289524,0.000530472864452588,0.121498181426632,-0.070113014583387,0.31310937743665,0.264454456671969,,,,,,,,,,,,,,,,,,,,,,,,,,,,,0.083935891023562,-0.313944308240987,0.481816090288111,0.0641392900696189,-0.192698127433419,0.320976707572657,0.66187581021888,0.760106767397515,0.689531184438792
26.3901445523573,-27.6693050489413,80.4495941536558,0.316117740183222,11.6064947876231,2.78427252278745,20.4287170524588,0.447042484514914,0.145306143836909,0.748778825192918,0.0131375336105165,-0.259668942506109,-0.444374248940809,-0.0749636360714083,-0.507273895498919,-0.826295416616113,-0.188252374381725,0.00883541766629746,-16.7007689920088,-73.6870928988654,40.2855549148478,-0.115562253141763,-0.437898750293517,0.206774244009991,0.543170867040137,1.0040900573808,-0.405410674557325,2.41359078931893,0.28514366123253,-0.0480668495079726,0.618354171973032,0.150497171749889,0.116619132089431,-0.112467372334238,0.345705636513101,0.163338334372871,-0.104824823740944,0.431501492486686,0.296515779460542,0.000114383803671801,-0.000257423895803862,0.000486191503147463,0.0740941144647935,-0.124296134490726,0.272484363420313,0.523549215715211,,,,,,,,,,,,,,,,,,,,,,,,,,,,,0.0370747321436137,-0.371297390933118,0.445446855220345,0.0283305147561384,-0.226657590346339,0.283318619858616,0.849804202821926,0.762407103282667,0.673284743851781
41.4423139130425,-17.302664211265,100.18729203735,0.154962830424398,12.8988235600139,4.85308878993978,20.944558330088,0.496818569008204,0.208365049868283,0.785272088148126,0.00353982653427173,-0.23972023956779,-0.436782044467449,-0.0426584346681322,-0.468303288725514,-0.808619095425272,-0.127987482025756,0.0200165651637337,-24.1994800308931,-84.2933603391208,35.8944002773346,-0.167450159843971,-0.517805874091005,0.182905554403063,0.407347555638367,0.608238405789991,-0.682325150134452,1.89880196171443,0.17272885500092,-0.137804223796695,0.483261933798535,0.333996422470772,,,,,,,,,,,,,,,-0.247247553760075,-1.14061739762722,0.646122290107066,-0.0829532219308858,-0.336593701184567,0.170687257322795,0.566949348226873,,,,,,,,,,,,,,,,,,,,,,0.0771913924192342,-0.340859069894403,0.495241854732871,0.0589855072589301,-0.210614535369361,0.328585549887221,0.701692265861604,0.746399642575081,0.679845566573471
34.1548729933354,-23.7728294708661,92.0825754575368,0.229302161115211,10.4488895749583,1.90338134650118,18.9943978034155,0.402455490781979,0.113192757363237,0.691718224200722,0.019654269112615,-0.222496230190378,-0.415250882700766,-0.0297415776799889,-0.434655482219796,-0.759585222607272,-0.109725741832319,0.026330258807184,-22.9125484984915,-81.247085766115,35.421988769132,-0.158545138309054,-0.488823774462931,0.171733497844824,0.417296409842482,1.02857209308088,-0.358403064352034,2.4155472505138,0.292096122560705,-0.03634823751028,0.62054048263169,0.135488944877788,0.14890739739861,-0.06239904570853,0.36021384050575,0.208561715656022,-0.0439246960975953,0.461048127409639,0.154661638604733,,,,,,,,-0.29087624152601,-1.15987442099019,0.57812193793817,-0.0975909409447319,-0.337853150862132,0.142671268972668,0.488172951538674,,,,,,,,,,,,,,,,,,,,,,0.0415042540026076,-0.367257357374254,0.450265865379469,0.0317153169417019,-0.223565612836236,0.28699624671964,0.832293800300471,0.763532692851629,0.6731454973201
35.5557249529296,-24.6709446367373,95.7823945425964,0.228734679839769,13.4851750639503,5.31747051461286,21.6528796132877,0.519402823592827,0.229779945042709,0.809025702142945,0.00296329654291517,-0.264283528837739,-0.46859556556159,-0.0599714921138885,-0.516288678560651,-0.863624647785839,-0.168952709335464,0.0144653063375277,-19.6703698093752,-80.7226520727188,41.3819124539684,-0.136110633970854,-0.481421226618228,0.20919995867652,0.504371079619845,0.608930304583457,-0.68646132035807,1.90432192952498,0.172925341913346,-0.129809278024444,0.475659961851135,0.333833960812858,,,,,,,,0.000174404183306343,-0.000188956863410527,0.000537765230023213,0.112973367786551,-0.083193321114375,0.309140056687477,0.324055072994513,-0.146995643268741,-1.06771149714869,0.773720210611205,-0.049318029778276,-0.30205251137887,0.203416451822318,0.739424242905297,,,,,,,,,,,,,,,,,,,,,,0.0996203667317908,-0.322587734060362,0.521828467523944,0.0761245221887085,-0.188618500884749,0.340867545262166,0.623748337920367,0.746925278466139,0.633950046712852
35.3733030570071,-19.472695522456,90.2193016364703,0.1913645095404,13.1869553274002,5.12462263669251,21.2492880181079,0.507916419265062,0.218388908439296,0.797443930090828,0.00305236046719559,-0.258675570872386,-0.444737958110115,-0.0726131836346567,-0.505333303399404,-0.830698554154429,-0.179968052644379,0.00928505793004583,-20.3691309482628,-79.3512125331403,38.6129506366148,-0.14094576531459,-0.48468021147956,0.20278868085038,0.476156628087531,0.678488072901253,-0.599064364257462,1.95604051005997,0.192678507059744,-0.115196156194112,0.5005531703136,0.278085337813697,,,,,,,,,,,,,,,,,,,,,,0.221828057332793,-3.91733035675405,4.36098647141964,0.0159292706596684,-0.234283237821144,0.26614177914048,0.911299261787927,,,,,,,,,,,,,,,0.0313179531283415,-0.463114385898223,0.525750292154906,0.023931494091384,-0.294152329908454,0.342015318091222,0.895257855085309,0.741507866868995,0.70580757019508
26.0620832889828,-29.0476027849619,81.1717693629276,0.331009101196609,10.7032865614084,2.05430821032814,19.3522649124887,0.412253992651556,0.119475669639859,0.705032315663253,0.0184411918620176,-0.247861233366391,-0.429715214102002,-0.0660072526307798,-0.484207052947727,-0.796409332426411,-0.172004773469043,0.0106739757459352,-17.6190108100776,-75.1893369238349,39.9513153036798,-0.121916097894408,-0.447559576155858,0.203727380367042,0.525682253487057,1.13993151069884,-0.275099378386636,2.55496239978432,0.323720210279627,-0.0123552945851518,0.659795715144406,0.107005134180362,0.151684923796063,-0.0700355700321109,0.373405417624236,0.212451956710883,-0.0516975257423045,0.47660143916407,0.166300115508949,,,,,,,,,,,,,,,-0.548341427236161,-4.73284544401972,3.6361625895474,-0.039375898222151,-0.285104906511278,0.206353110066976,0.784727731441935,,,,,,,,,,,,,,,0.041711950131882,-0.439947739958744,0.523371640222508,0.0318740271444458,-0.268851907628425,0.332599961917317,0.856645587552092,0.757261905307033,0.673154418194783
31.2538585970347,-23.997069080935,86.5047862750044,0.247920587115642,13.6854803086276,5.58970205036674,21.7812585668885,0.527117896565368,0.238768544491842,0.815467248638895,0.002483866066167,-0.27870337318265,-0.468094216937494,-0.0893125294278067,-0.544458434029807,-0.871860561517619,-0.217056306541995,0.00660296686692187,-16.7646523022069,-75.9820769166533,42.4527723122394,-0.116004298610937,-0.450845409250173,0.218836812028298,0.556810175308339,0.65708356009467,-0.617677257064437,1.93184437725378,0.186600007323886,-0.111759183006767,0.48495919765454,0.290697649731674,,,,,,,,0.000191734800236183,-0.000170994671678972,0.000554464272151338,0.124199578782555,-0.0724461886382232,0.320845346203333,0.279014146910406,,,,,,,,-0.236105579332926,-4.45406232655174,3.98185116788589,-0.0169545265043252,-0.264330053391951,0.230421000383301,0.907018269717603,,,,,,,,,,,,,,,0.100799792354727,-0.40952270322951,0.611122287938964,0.077025775767154,-0.242489247534168,0.396540799068476,0.680982262466091,0.745337563183081,0.674562473453048
41.4551167254887,-19.4004766931616,102.310710144139,0.168010402213856,12.8942832841834,4.54862405175735,21.2399425166094,0.496643693111148,0.206468883698357,0.786818502523939,0.00476047259549275,-0.239722513393666,-0.443817934310317,-0.035627092477014,-0.468307730737325,-0.810247919618991,-0.126367541855659,0.0241571317081997,-24.1950181636211,-86.4354064880948,38.0453701608525,-0.167419285610849,-0.519454968237075,0.184616397015376,0.422008434632913,0.608668314092507,-0.728671204081591,1.9460078322666,0.172850941288373,-0.139330362348613,0.485032244925358,0.348982404030555,,,,,,,,,,,,,,,-0.249413078986328,-1.20046745952703,0.701641301554374,-0.0836797702504074,-0.345583361186149,0.178223820685334,0.585940873198215,-0.0429586258900889,-4.40748754241375,4.32157029063358,-0.00308481977978116,-0.258987465839008,0.252817826279446,0.983610919338669,,,,,,,,,,,,,,,0.0803776684699198,-0.460232457891197,0.620987794831036,0.0614202879155079,-0.27652585238052,0.399366428211536,0.756693499634432,0.730556951957075,0.661206464402581
40.8368975312518,-17.482928185356,99.1567232478595,0.157870437466725,13.4177797563012,5.3757720577712,21.4597874548312,0.516806986836996,0.22636428451541,0.807249689158583,0.00262675539133757,-0.251083571390824,-0.437554332091083,-0.0646128106905659,-0.490502022020628,-0.815860041588005,-0.165144002453251,0.0112896880091801,-24.5890613184951,-85.2871926275688,36.1090699905786,-0.170145897471304,-0.524024336834332,0.183732541891724,0.404604483700088,0.630158660894187,-0.648389350837423,1.9087066726258,0.178953816347381,-0.128874204196346,0.486781836891109,0.312966611121879,,,,,,,,,,,,,,,,,,,,,,,,,,,,,-0.213740851684769,-1.02172091826479,0.594239214895247,-0.0652165032828288,-0.273882548208276,0.143449541642619,0.584035503208456,,,,,,,,0.0100431134862394,-0.415998327688797,0.436084554661275,0.00767440675545064,-0.266335745431515,0.281684558942416,0.960913342513625,0.745968275201895,0.707268113677642
33.4913579099885,-24.068710501942,91.0514263219191,0.235215233904444,11.0646476048992,2.57153745970995,19.5577577500884,0.426172384176728,0.136081473757678,0.716263294595777,0.0138936916901674,-0.235832358516177,-0.418110790957653,-0.0535539260747021,-0.460708154138937,-0.772022940323884,-0.14939336795399,0.0144480567626871,-23.4018208249496,-82.3375542466057,35.5339125967065,-0.161930695732935,-0.49562300384725,0.171761612381381,0.412328462699729,1.05335097995217,-0.325940651668816,2.43264261157316,0.299132884325059,-0.0278792834238826,0.626145052074001,0.12499838842954,0.148677537954011,-0.0628695931611646,0.360224669069187,0.208239771407698,-0.0444649450017233,0.460944487817119,0.155700959029959,,,,,,,,,,,,,,,,,,,,,,-0.252802628527591,-1.03896739684821,0.533362139793025,-0.0771350133740116,-0.274882581714591,0.120612554966568,0.505186007748441,,,,,,,,-0.0376581035597193,-0.456692515152331,0.381376308032892,-0.0287762957923514,-0.290418149139246,0.232865557554543,0.851303229115567,0.76297518332819,0.67455325383208
37.5520725569711,-20.8122805324412,95.9164256463833,0.191460684095209,13.9514308041167,5.88650251455208,22.0163590936813,0.537361400089636,0.247921751164194,0.826801049015078,0.0020816906533234,-0.268587911468311,-0.456977038296032,-0.0801987846405905,-0.524697466009989,-0.849472534297609,-0.19992239772237,0.00809277244963969,-21.7098954797259,-82.3592872081701,38.9394962487183,-0.150223288419219,-0.493375193705053,0.192928616866614,0.458984594477294,0.593809858435057,-0.680574788844375,1.86819450571449,0.168631404987538,-0.129200376973492,0.466463186948568,0.337960364782825,,,,,,,,0.000190678489263302,-0.000160727606675568,0.000542084585202172,0.123515334828231,-0.0672944142361487,0.31432508389261,0.266925581616638,,,,,,,,,,,,,,,-0.227429179410618,-1.03206035367591,0.577201994854675,-0.0693930790896183,-0.271308998875649,0.132522840696412,0.557434864121851,,,,,,,,0.0458981442066387,-0.383286155885569,0.475082444298846,0.0350728913344161,-0.232982943481499,0.303128726150331,0.823521516392216,0.750707420864349,0.674777841105784
46.3174513302163,-17.4023218486555,110.037224509088,0.142873822818744,13.1412791868006,4.81210121205079,21.4704571615504,0.506157130543505,0.214944055322065,0.797370205764944,0.00411334368360083,-0.23309796587809,-0.437470903891339,-0.0287250278648404,-0.455366406327437,-0.79719104307323,-0.113541769581645,0.0279082838667469,-28.0520581241564,-91.871788412833,35.7676721645202,-0.194108369718925,-0.555245645789239,0.167028906351388,0.36528423898424,0.562960747743814,-0.776591243582545,1.90251273907017,0.159870807963785,-0.152564256582151,0.472305872509722,0.386177532034213,,,,,,,,,,,,,,,-0.231340477210895,-1.15169997033531,0.68901901591352,-0.0776162904580016,-0.330972492888934,0.175739911972931,0.601455858864169,,,,,,,,-0.198610824656797,-1.03029379025488,0.633072140941283,-0.0606000368957935,-0.268837415736378,0.147637341944791,0.61958805198607,,,,,,,,0.0414465368570449,-0.41343633961844,0.49632941333253,0.0316712126056889,-0.252347144362562,0.31568956957394,0.849268502072913,0.734797582339285,0.670474207467435
40.9396008770368,-19.5379482351556,101.417149989229,0.170533187311427,13.4210919378888,5.092514901921,21.7496689738567,0.516934560743949,0.225095805138455,0.808773316349443,0.00353772496140371,-0.25131036116238,-0.444539494551997,-0.0580812277727627,-0.490945065111442,-0.818050386478841,-0.163839743744043,0.0140274512162793,-24.6458562767371,-87.526854200526,38.2351416470517,-0.170538894544953,-0.526200300599228,0.185122511509322,0.418265546557063,0.631516285651066,-0.693161676068534,1.95619424737067,0.179339357555474,-0.130081635504278,0.488760350615226,0.327235434149998,,,,,,,,,,,,,,,,,,,,,,-0.14461289238216,-4.63548285609718,4.34625707133286,-0.0103845200256928,-0.273716087504074,0.252947047452689,0.946421152605478,-0.222956531623694,-1.10725478088501,0.661341717637616,-0.0680283870020759,-0.28955361400168,0.153496839997529,0.600353084242484,,,,,,,,0.0182940504518795,-0.491902870718301,0.52849097162206,0.0139793286777875,-0.304379657452115,0.33233831480769,0.940351026699979,0.730169880436881,0.690207249905645
32.2677429074329,-23.3148698293617,87.8503556442274,0.237342503489667,13.3599328706261,5.32301154200154,21.3968541992507,0.514578922639593,0.224617104500159,0.804540740779027,0.0027016109821147,-0.257337828879277,-0.441509757594247,-0.073165900164308,-0.502719969723581,-0.825370231785279,-0.180069707661884,0.0089979465523127,-19.5191277644336,-78.0088701831149,38.9706146542476,-0.135064103030179,-0.475940951558261,0.205812745497903,0.490912732733502,0.602807294893111,-0.704716900458733,1.91033149024495,0.171186516408567,-0.143322404597137,0.485695437414271,0.34434658366382,,,,,,,,,,,,,,,,,,,,,,,,,,,,,,,,,,,,0.129935763215359,-0.404892658728301,0.664764185159019,0.0639664908810529,-0.158503147937035,0.286436129699141,0.614843078945845,0.018016483246536,-0.402379812132091,0.438412778625163,0.013767226759523,-0.256640178207053,0.284174631726099,0.929011734216181,0.745250614141114,0.701130839504247
25.501636796395,-29.9647315494609,80.9680051422509,0.344233641827048,11.0472560846569,2.39520400147598,19.6993081678378,0.425502522296733,0.131294091833627,0.719710952759838,0.0155546881530577,-0.245359015590757,-0.426786473480904,-0.0639315577006103,-0.479318868222276,-0.790500768835655,-0.168136967608897,0.0111823119804717,-17.8921860381665,-75.2635981963599,39.4792261200269,-0.123806354856562,-0.448341967550632,0.200729257837507,0.517938980563457,1.03859201948551,-0.409623445747073,2.4868074847181,0.294941602883207,-0.0473527770188003,0.637235982785213,0.147950785099256,0.139158864530979,-0.0763904423907404,0.354708171452699,0.194907788614643,-0.0607912043183489,0.450606781547634,0.190031039764662,,,,,,,,,,,,,,,,,,,,,,,,,,,,,0.0812861302673895,-0.448199655127508,0.610771915662287,0.0400166080672274,-0.173201782545402,0.253234998679857,0.749060887360006,-0.00979696537659397,-0.424003777205926,0.404409846452738,-0.00748631361898564,-0.265932689617631,0.250960062379659,0.960630844556044,0.757695134537722,0.684912564322794
26.825731174793,-28.8176003480441,82.4690626976301,0.321981586863024,14.0245078235722,6.00987840527209,22.0391372418723,0.540176076952557,0.25134448266463,0.829007671240483,0.00190360644781872,-0.276343629080538,-0.460991486900672,-0.0916957712604038,-0.539848577450478,-0.860880232570728,-0.218816922330227,0.00590759554640084,-15.6917682418384,-73.8082127568635,42.4246762731867,-0.108580394990966,-0.437211897120303,0.22005110713837,0.575015607265055,0.527272232373681,-0.770158740975875,1.82470320572324,0.149735906356317,-0.152944608721473,0.452416421434106,0.401677223291399,,,,,,,,0.000212157983392955,-0.000143545141135402,0.000567861107921313,0.137429053777942,-0.0567820252070995,0.331640132762984,0.224191716153933,,,,,,,,,,,,,,,,,,,,,,0.192142121751948,-0.346222460975398,0.730506704479294,0.0945902573300101,-0.123915050874814,0.313095565534834,0.460289871037791,0.0469217859662796,-0.371056339598787,0.464899911531347,0.0358551032696008,-0.22523131490856,0.296941521447761,0.814918690755617,0.753917556647128,0.681832710828743
38.2476991495257,-24.5656157989632,101.061014098015,0.215102453120191,13.0860814518152,4.73719795729192,21.4349649463385,0.50403110257046,0.212666645191771,0.795395559949149,0.00430777398871459,-0.240488598855466,-0.443593852812478,-0.0373833448984546,-0.469804310007614,-0.810573041390653,-0.129035578624576,0.023198115653181,-23.1403182619142,-85.3139029790867,39.0332664552582,-0.160121208672718,-0.511772430823967,0.191530013478532,0.441644316791367,0.551514591764825,-0.811275547679972,1.91430473120962,0.15662030388908,-0.161084253934088,0.474324861712248,0.403607938776623,,,,,,,,,,,,,,,-0.214739084619155,-1.15099976025886,0.721521591020549,-0.0720464112697907,-0.329566369065733,0.185473546526152,0.633405099510973,,,,,,,,,,,,,,,0.106563398878492,-0.452676734400455,0.665803532157439,0.0524604351714722,-0.172922428870833,0.277843299213778,0.691598234464206,0.0498803940344481,-0.404123329486531,0.503884117555427,0.0381159123081719,-0.245446061313682,0.321677885930025,0.81878514265406,0.733269843342412,0.651482440586821
31.3903711383905,-27.3397860832508,90.1205283600319,0.273884184798859,13.3752467148046,5.05519488074466,21.6952985488645,0.515168759543352,0.223814796733884,0.806522722352819,0.00359933359963835,-0.258420963483722,-0.449582409297394,-0.0672595176700499,-0.504835917456273,-0.829853459117243,-0.179818375795304,0.0112085722226824,-19.0668006222631,-79.9056959470081,41.7720947024819,-0.131934190645222,-0.475904443235244,0.2120360619448,0.515911993046616,0.597388778225694,-0.757756184956569,1.95253374140796,0.169647754352674,-0.146549609350209,0.485845118055557,0.363927174776749,,,,,,,,,,,,,,,,,,,,,,-0.362736784265791,-5.26054813411739,4.5350745655858,-0.0260477979398206,-0.313350725653795,0.261255129774154,0.877207151932047,,,,,,,,0.153359334955241,-0.484128022242356,0.790846692152837,0.0754977556462237,-0.181810520911795,0.332806032204242,0.617026440891931,0.0375294449786969,-0.471100863284238,0.546159753241632,0.028677981829784,-0.288817831738563,0.346173795398131,0.877660286582552,0.729745134218311,0.675428029770957
37.6863788494865,-24.4415262436039,99.8142839425769,0.216769961740744,13.5449154974598,5.23687226803209,21.8529587268875,0.521703820776798,0.229567925875652,0.813839715677945,0.00325100368495964,-0.250204948352572,-0.442322934725554,-0.0580869619795893,-0.488785595993749,-0.814335092236453,-0.163236099751045,0.0139196988121511,-23.5013522260203,-86.260391827332,39.2576873752914,-0.162619410903571,-0.517584557703089,0.192345735895947,0.43890408049356,0.567478243593624,-0.786704113305999,1.92166060049325,0.161153696183571,-0.154664450886923,0.476971843254065,0.387508108574124,,,,,,,,,,,,,,,,,,,,,,,,,,,,,-0.187709387827255,-1.03018924139647,0.654770465741956,-0.0572737958652303,-0.268074691176301,0.153527099445841,0.643071288561735,0.110639304075987,-0.446239594639757,0.66751820279173,0.0544669755279978,-0.170015275713736,0.278949226769732,0.679228908192182,-0.00968091621165641,-0.45959824285289,0.440236410429578,-0.00739763509348874,-0.288122640804647,0.27332737061767,0.964182206761687,0.733050931089992,0.678780661644516

Legend:
Column with variable name (varname) alone is the coefficient
varname_IClwr is the lower extremity of 95% confidence interval for the coefficient
varname_ICupr is the upper extremity of 95% confidence interval for the coefficient
varname_std is the standardized coefficient
varname_std_IClwr is the lower extremity of the 95% confidence interval for the standardized coefficient
varname_std_ICupr is the upper extremity of the 95% confidence interval for the standardized coefficient
varname_pval is the p-value
adj_R2 is the adjusted R squared
pred_R2 is the predicted R squared
